<?xml version="1.0" encoding="UTF-8"?>
<Defs>

	<WorkGiverDef>
		<defName>WorkGiver_DoBillsRFSushi</defName>
	    <label>cook at sushi couter</label>
		<giverClass>WorkGiver_DoBill</giverClass>
		<workType>Cooking</workType>
		<fixedBillGiverDefs>
			<li>RF_SushiCounter</li>
		</fixedBillGiverDefs>
		<verb>cook</verb>
		<gerund>cooking at</gerund>
		<requiredCapacities>
			<li>Manipulation</li>
		</requiredCapacities>
		<prioritizeSustains>true</prioritizeSustains>
	</WorkGiverDef>
</Defs>
