﻿<?xml version="1.0" encoding="utf-8" ?>
<Patch>


	<Operation Class="PatchOperationFindMod">
		<mods>
			<li>Vanilla Cooking Expanded - Sushi</li>
		</mods>

		<match Class="PatchOperationSequence">
			<success>Always</success>
			<operations>

				<!-- remove VCE-sushi Nigiri and Gunkan -->
				<li Class="PatchOperationRemove"> 
					<xpath>/Defs/RecipeDef[defName = "VCE_CookNigiriFine" or defName = "VCE_CookNigiriFineBulk" or defName = "VCE_CookGunkanmakiGourmet"]</xpath>
				</li>

				<!-- Fix sushi recipe ingredients -->
				<li Class="PatchOperationReplace"> 
					<xpath>/Defs/RecipeDef[@Name = "RF_CookMealSushiBase"]/ingredients/li[2]/filter/thingDefs/li[text()="RF_SoySauce"]</xpath>
					<value>
						<li>VCE_SoySauce</li>
					</value>
				</li>
				<li Class="PatchOperationReplace"> 
					<xpath>/Defs/RecipeDef[@Name = "RF_CookMealSushiBase"]/ingredients/li[3]/filter/thingDefs/li[text()="RF_WasabiPaste"]</xpath>
					<value>
						<li>VCE_WasabiPaste</li>
					</value>
				</li>

				<li Class="PatchOperationReplace"> 
					<xpath>/Defs/RecipeDef[@Name = "RF_CookMealSushiBase"]/fixedIngredientFilter/thingDefs/li[text()="RF_SoySauce"]</xpath>
					<value>
						<li>VCE_SoySauce</li>
					</value>
				</li>
				<li Class="PatchOperationReplace"> 
					<xpath>/Defs/RecipeDef[@Name = "RF_CookMealSushiBase"]/fixedIngredientFilter/thingDefs/li[text()="RF_WasabiPaste"]</xpath>
					<value>
						<li>VCE_WasabiPaste</li>
					</value>
				</li>

				<li Class="PatchOperationReplace"> 
					<xpath>/Defs/RecipeDef[defName = "CookMealSushiGunkan"]/ingredients/li[2]/filter/thingDefs/li[text()="RF_SoySauce"]</xpath>
					<value>
						<li>VCE_SoySauce</li>
					</value>
				</li>
				<li Class="PatchOperationReplace"> 
					<xpath>/Defs/RecipeDef[defName = "CookMealSushiGunkan"]/fixedIngredientFilter/thingDefs/li[text()="RF_SoySauce"]</xpath>
					<value>
						<li>VCE_SoySauce</li>
					</value>
				</li>

				<li Class="PatchOperationRemove">
					<xpath>/Defs/ThingDef[defName = "RF_SoySauce" or defName = "RF_WasabiPaste"]</xpath>
				</li>
				<li Class="PatchOperationRemove">
					<xpath>/Defs/ThingDef[defName = "RF_RawSoybean" or defName = "RF_RawWasabi" or defName = "RF_Soybean" or defName = "RF_Wasabi"]</xpath>
				</li>
				<li Class="PatchOperationRemove">
					<xpath>/Defs/RecipeDef[defName = "RF_MakeSoySauce" or defName = "RF_MakeSushiWasabi"]</xpath>
				</li>

			</operations>
		</match>
	</Operation>


</Patch>

