﻿<?xml version="1.0" encoding="utf-8"?>
<ModMetaData>
  <name>[RF] Fishing-ReWork Seafood and Sushi Addon</name>
  <author>Si-Cafe</author>
  <supportedVersions>
    <li>1.1</li>
    <li>1.2</li>
	<li>1.3</li>
  </supportedVersions>
  <packageId>RainbeausFishing.ReworkMod.seafoodAddon</packageId>
  <modDependencies>
    <li>
    <packageId>RainbeausFishing.ReworkMod</packageId>
    <displayName>[RF] Fishing-ReWork</displayName>
    <steamWorkshopUrl>https://steamcommunity.com/sharedfiles/filedetails/?id=2383686530</steamWorkshopUrl>
    </li>
  </modDependencies>
  <loadAfter>
    <li>RainbeausFishing.ReworkMod</li>
  </loadAfter>
<description>Add cooking recipes using [RF]Fishing ReWork Mod raw seafood.</description>
</ModMetaData>